,Date
0,1970-01-01
1,2022-01-17
2,2022-02-21
3,2022-04-15
4,2022-05-30
5,2022-06-20
6,2022-07-04
7,2022-09-05
8,2022-11-24
9,2022-12-26
10,1970-01-01
11,2023-01-02
12,2023-01-16
13,2023-02-20
14,2023-04-07
15,2023-05-29
16,2023-06-19
17,2023-07-04
18,2023-09-04
19,2023-11-23
20,2023-12-25
21,1970-01-01
22,2024-01-01
23,2024-01-15
24,2024-02-19
25,2024-03-29
26,2024-05-27
27,2024-06-19
28,2024-07-04
29,2024-09-02
30,2024-11-28
31,2024-12-25
32,1970-01-01
33,2025-01-01
34,2025-01-09
35,2025-01-20
36,2025-02-17
37,2025-04-18
38,2025-05-26
39,2025-06-19
40,2025-07-04
41,2025-09-01
42,2025-11-27
43,2025-12-25
44,1970-01-01
45,2026-01-01
46,2026-01-19
47,2026-02-16
48,2026-04-03
49,2026-05-25
50,2026-06-19
51,2026-07-03
52,2026-09-07
53,2026-11-26
54,2026-12-25
55,1970-01-01
56,2027-01-01
57,2027-01-18
58,2027-02-15
59,2027-03-26
60,2027-05-31
61,2027-06-18
62,2027-07-05
63,2027-09-06
64,2027-11-25
65,2027-12-31
